YP_002302326.1,WP_012569506.1,100.000,238,0,0,1,238,1,238,7.05e-177,494,100.00
YP_002302326.1,WP_006462513.1,99.580,238,1,0,1,238,1,238,3.90e-176,492,99.58
YP_002302326.1,WP_008832113.1,99.160,238,2,0,1,238,1,238,6.47e-176,492,99.58
YP_002302326.1,P42212.1,99.160,238,2,0,1,238,1,238,7.14e-176,491,99.58
YP_002302326.1,WP_077638175.1,99.580,238,1,0,1,238,1,238,9.81e-176,491,99.58
YP_002302326.1,PTB82212.1,99.160,238,2,0,1,238,1,238,1.20e-175,491,99.58
YP_002302326.1,AAN86140.1,98.739,238,3,0,1,238,1,238,3.87e-175,489,99.58
YP_002302326.1,AWC67560.1,98.739,238,3,0,1,238,1,238,7.89e-175,489,99.58
YP_002302326.1,AAA27722.1,97.479,238,6,0,1,238,1,238,1.44e-174,488,99.58
YP_002302326.1,AAN86138.1,98.319,238,4,0,1,238,1,238,1.96e-174,488,99.16
YP_002302326.1,AAN86137.1,98.319,238,4,0,1,238,1,238,1.98e-174,488,99.16
YP_002302326.1,1GFL_A,98.734,237,3,0,2,238,2,238,2.14e-174,488,99.58
YP_002302326.1,WP_087671979.1,98.319,238,4,0,1,238,1,238,4.47e-174,487,99.16
YP_002302326.1,WP_068464625.1,98.739,238,3,0,1,238,1,238,6.01e-174,487,99.16
YP_002302326.1,WP_069953167.1,98.729,236,3,0,1,236,1,236,1.23e-173,486,99.15
YP_002302326.1,KWT64529.1,98.319,238,4,0,1,238,2,239,2.08e-173,485,99.16
YP_002302326.1,ALW83197.1,98.739,238,3,0,1,238,2,239,2.17e-173,498,99.16
YP_002302326.1,WP_079863969.1,98.319,238,4,0,1,238,1,238,2.27e-173,485,98.74
YP_002302326.1,WP_038430632.1,97.899,238,5,0,1,238,1,238,3.29e-173,485,99.16
YP_002302326.1,SCV58932.1,97.899,238,5,0,1,238,2,239,5.35e-173,484,98.74
YP_002302326.1,WP_133279792.1,98.319,238,4,0,1,238,1,238,7.33e-173,484,98.74
YP_002302326.1,XP_013248715.1,97.899,238,5,0,1,238,2,239,7.57e-173,485,98.74
YP_002302326.1,WP_127074437.1,98.312,237,4,0,1,237,1,237,9.57e-173,484,98.73
YP_002302326.1,WP_031943942.1,97.899,238,5,0,1,238,2,239,1.18e-172,483,98.74
YP_002302326.1,2008181A,97.059,238,7,0,1,238,1,238,1.27e-172,483,98.74
YP_002302326.1,WP_106508751.1,97.899,238,5,0,1,238,1,238,1.30e-172,483,98.32
YP_002302326.1,WP_046835546.1,97.479,238,6,0,1,238,1,238,1.33e-172,483,98.32
YP_002302326.1,ABV01355.1,97.899,238,5,0,1,238,13,250,1.46e-172,484,98.74
YP_002302326.1,AAA58246.1,96.639,238,8,0,1,238,1,238,3.52e-172,482,98.74
YP_002302326.1,5HBD_A,98.319,238,2,1,1,238,1,236,5.79e-172,482,98.74
YP_002302326.1,1QYO_A,97.479,238,6,0,1,238,1,238,8.56e-172,481,97.90
YP_002302326.1,6GO8_A,98.319,238,2,1,1,238,7,242,1.42e-171,481,98.74
YP_002302326.1,AQT31663.1,96.639,238,8,0,1,238,22,259,1.83e-171,481,97.90
YP_002302326.1,XP_013335879.1,97.059,238,7,0,1,238,29,266,2.31e-171,482,97.90
YP_002302326.1,1EMB,97.899,238,3,1,1,238,1,236,3.62e-171,479,98.74
YP_002302326.1,4GES_B,97.059,238,7,0,1,238,1,238,4.57e-171,480,97.48
YP_002302326.1,1BFP_A,97.479,238,4,1,1,238,1,236,1.17e-170,478,98.74
YP_002302326.1,1YHI_A,97.046,237,7,0,2,238,3,239,1.36e-170,478,97.47
YP_002302326.1,1Q4C_A,97.479,238,4,1,1,238,1,236,2.14e-170,478,98.32
YP_002302326.1,5N9O_A,97.479,238,4,1,1,238,2,237,2.15e-170,478,98.32
YP_002302326.1,1Z1P_A,97.479,238,4,1,1,238,1,236,2.29e-170,478,98.32
YP_002302326.1,2OKW_A,97.479,238,4,1,1,238,1,236,2.39e-170,478,97.90
YP_002302326.1,1YHH_A,96.624,237,8,0,2,238,3,239,2.44e-170,478,97.05
YP_002302326.1,1HCJ_A,97.479,238,4,1,1,238,1,236,2.61e-170,478,98.32
YP_002302326.1,1YHG_A,97.046,237,7,0,2,238,3,239,3.07e-170,477,97.47
YP_002302326.1,2QLE_A,97.479,238,4,1,1,238,1,236,3.28e-170,477,98.32
YP_002302326.1,2DUG_A,97.479,238,4,1,1,238,1,236,3.66e-170,477,98.74
YP_002302326.1,WP_079864025.1,98.291,234,4,0,5,238,1,234,3.88e-170,477,98.72
YP_002302326.1,4OGS_A,97.059,238,5,1,1,238,1,236,4.56e-170,477,98.32
YP_002302326.1,5LEM_C,97.890,237,3,1,2,238,13,247,6.04e-170,477,98.73
YP_002302326.1,2HFC_A,96.624,237,8,0,2,238,3,239,6.41e-170,476,97.47
YP_002302326.1,2DUE_A,97.479,238,4,1,1,238,1,236,6.48e-170,476,98.32
YP_002302326.1,1Q4E_A,97.479,238,4,1,1,238,1,236,6.85e-170,476,98.32
YP_002302326.1,2HQZ_A,97.479,238,4,1,1,238,1,236,9.01e-170,476,97.90
YP_002302326.1,2HJO_A,97.479,238,4,1,1,238,1,236,9.83e-170,476,97.90
YP_002302326.1,1EMM_A,97.468,237,4,1,2,238,3,237,1.19e-169,476,98.31
YP_002302326.1,AGM20712.1,95.798,238,10,0,1,238,1,238,1.84e-169,476,97.06
YP_002302326.1,AGM20710.1,95.798,238,10,0,1,238,1,238,2.61e-169,476,96.64
YP_002302326.1,CAA58789.1,94.958,238,12,0,1,238,1,238,2.78e-169,475,97.48
YP_002302326.1,1Q73_A,97.059,238,5,1,1,238,1,236,3.22e-169,474,97.90
YP_002302326.1,1F09_A,97.059,238,5,1,1,238,1,236,3.22e-169,474,97.90
YP_002302326.1,1EMF_A,97.046,237,5,1,2,238,3,237,3.76e-169,474,97.89
YP_002302326.1,4EUL_A,97.059,238,5,1,1,238,2,237,5.12e-169,474,97.90
YP_002302326.1,5MA3_B,97.059,238,5,1,1,238,6,241,5.90e-169,474,97.90
YP_002302326.1,4XL5_A,97.059,238,5,1,1,238,22,257,8.22e-169,475,97.90
YP_002302326.1,1JBY_A,97.059,238,5,1,1,238,1,236,8.26e-169,474,97.90
YP_002302326.1,3OGO_A,97.059,238,5,1,1,238,12,247,1.06e-168,474,97.90
YP_002302326.1,2YFP_A,97.059,238,5,1,1,238,1,236,1.25e-168,473,97.90
YP_002302326.1,1YJF_A,97.046,237,5,1,2,238,3,237,1.42e-168,473,97.47
YP_002302326.1,1B9C_A,97.046,237,5,1,2,238,2,236,1.56e-168,473,97.47
YP_002302326.1,2Y0G_A,97.059,238,5,1,1,238,15,250,1.93e-168,473,97.90
YP_002302326.1,1HUY_A,96.639,238,6,1,1,238,4,239,2.64e-168,473,97.90
YP_002302326.1,1EMC_A,97.034,236,5,1,2,237,3,236,3.30e-168,472,97.88
YP_002302326.1,2WUR_A,96.624,237,6,1,1,237,1,235,3.52e-168,472,97.47
YP_002302326.1,AGM20711.1,95.378,238,11,0,1,238,1,238,3.59e-168,473,96.22
YP_002302326.1,3V3D_A,97.059,238,5,1,1,238,22,257,4.14e-168,473,97.90
YP_002302326.1,5HZO_A,97.447,235,4,1,1,235,1,233,4.68e-168,472,98.30
YP_002302326.1,2QT2_A,96.218,238,7,1,1,238,1,236,6.79e-168,471,97.06
YP_002302326.1,3SSP_A,97.059,238,5,1,1,238,2,237,7.59e-168,472,97.90
YP_002302326.1,2HGY_A,96.624,237,6,1,2,238,3,237,7.78e-168,471,97.05
YP_002302326.1,1QYQ_A,96.624,237,6,1,2,238,3,237,8.04e-168,471,97.05
YP_002302326.1,3G9A_A,96.218,238,7,1,1,238,1,236,1.11e-167,471,97.06
YP_002302326.1,2B3Q_A,96.218,238,7,1,1,238,1,236,1.51e-167,471,97.06
YP_002302326.1,2H6V_A,96.639,238,6,1,1,238,7,242,1.82e-167,471,97.48
YP_002302326.1,AFJ11389.1,96.170,235,9,0,1,235,32,266,2.10e-167,477,98.30
YP_002302326.1,3DPW_A,96.639,238,6,1,1,238,6,241,2.21e-167,470,97.48
YP_002302326.1,4KA9_A,96.218,238,7,1,1,238,1,236,2.65e-167,470,96.64
YP_002302326.1,WP_129552462.1,94.538,238,13,0,1,238,1,238,3.47e-167,469,96.22
YP_002302326.1,3SRY_A,96.639,238,6,1,1,238,2,237,3.76e-167,470,97.48
YP_002302326.1,1YJ2_A,96.624,237,6,1,2,238,3,237,3.99e-167,469,97.05
YP_002302326.1,1RMO_A,96.639,238,6,1,1,238,1,236,4.53e-167,469,97.48
YP_002302326.1,1JC0_A,96.218,238,7,1,1,238,1,236,5.58e-167,469,97.06
YP_002302326.1,CAA58790.1,94.118,238,14,0,1,238,1,238,7.24e-167,469,97.06
YP_002302326.1,3W1C_A,96.653,239,5,2,1,238,1,237,1.26e-166,468,97.49
YP_002302326.1,3ST0_A,96.218,238,7,1,1,238,2,237,1.45e-166,469,97.06
YP_002302326.1,4KAG_A,96.639,238,5,2,1,238,2,236,2.02e-166,468,97.48
YP_002302326.1,2FWQ_A,96.203,237,7,1,2,238,3,237,2.16e-166,468,96.62
YP_002302326.1,4KEX_A,96.639,238,5,2,1,238,2,236,2.54e-166,467,97.48
YP_002302326.1,2HRS_A,95.798,238,8,1,1,238,1,236,2.99e-166,467,96.22
YP_002302326.1,3AI5_A,96.218,238,7,1,1,238,4,239,3.05e-166,470,96.22
YP_002302326.1,1MYW_A,95.378,238,9,1,1,238,2,237,3.17e-166,467,96.22
YP_002302326.1,2WSN_A,95.798,238,8,1,1,238,2,237,3.24e-166,467,96.64
YP_002302326.1,BAU03839.1,98.246,228,4,0,1,228,2,229,3.29e-166,467,99.12
YP_002302326.1,3W1D_A,95.851,241,5,2,1,238,1,239,3.37e-166,467,96.68
YP_002302326.1,4GF6_B,94.515,237,13,0,1,237,1,237,4.86e-166,467,94.94
YP_002302326.1,SAI82916.1,97.468,237,6,0,2,238,8,244,4.96e-166,489,99.58
YP_002302326.1,6MKS_A,97.826,230,5,0,1,230,103,332,6.23e-166,471,98.70
YP_002302326.1,1H6R_A,95.798,238,8,1,1,238,1,236,7.19e-166,466,97.06
YP_002302326.1,AAN41637.1,92.017,238,19,0,1,238,1,238,8.09e-166,466,95.80
YP_002302326.1,3VHT_A,98.696,230,1,1,1,230,4,231,8.30e-166,466,98.70
YP_002302326.1,1KYP_A,95.781,237,8,1,2,238,3,237,9.29e-166,466,96.62
YP_002302326.1,2AH8_A,95.798,238,8,1,1,238,1,236,1.06e-165,466,96.64
YP_002302326.1,2AHA_A,95.798,238,8,1,1,238,1,236,1.14e-165,466,96.64
YP_002302326.1,3AI4_A,98.696,230,1,1,1,230,4,231,1.45e-165,467,98.70
YP_002302326.1,5DTX_A,95.798,238,8,1,1,238,11,246,1.54e-165,466,96.64
YP_002302326.1,WP_079863983.1,97.807,228,5,0,11,238,1,228,2.47e-165,464,98.68
YP_002302326.1,2H9W_A,96.203,237,7,1,1,237,4,238,2.70e-165,465,97.05
YP_002302326.1,3VHT_B,98.696,230,1,1,1,230,4,231,3.94e-165,466,98.70
YP_002302326.1,4Z4M_A,98.696,230,1,1,1,230,4,231,5.76e-165,465,98.70
YP_002302326.1,1EMA_A,95.781,237,8,1,2,238,2,236,6.53e-165,464,96.62
YP_002302326.1,5AQB_B,97.826,230,3,1,2,231,2,229,6.95e-165,463,98.70
YP_002302326.1,4BDU_A,97.826,230,3,1,1,230,4,231,1.01e-164,466,98.26
YP_002302326.1,3ST2_A,94.958,238,10,1,1,238,15,250,1.11e-164,464,97.06
YP_002302326.1,4Z4K_A,98.696,230,1,1,1,230,4,231,1.53e-164,465,98.70
YP_002302326.1,2Q57_A,95.378,238,9,1,1,238,19,254,1.60e-164,464,95.80
YP_002302326.1,2YDZ_A,95.378,238,9,1,1,238,2,237,1.83e-164,463,95.80
YP_002302326.1,4U2V_B,98.261,230,2,1,1,230,4,231,2.03e-164,466,98.26
YP_002302326.1,6FWW_A,94.937,237,10,1,2,238,17,251,2.06e-164,464,95.78
YP_002302326.1,2WSO_A,95.378,238,9,1,1,238,2,237,2.31e-164,462,95.80
YP_002302326.1,3ZTF_A,95.378,238,9,1,1,238,2,237,2.44e-164,462,95.80
YP_002302326.1,5KTG_A,98.261,230,2,1,1,230,1,228,2.55e-164,465,98.26
YP_002302326.1,4AS8_A,95.378,238,9,1,1,238,2,237,2.88e-164,462,95.80
YP_002302326.1,4JRB_A,98.261,230,2,1,1,230,4,231,3.31e-164,469,98.26
YP_002302326.1,1QY3_A,96.943,229,7,0,1,229,1,229,4.49e-164,461,97.38
YP_002302326.1,6MWQ_G,97.817,229,2,1,2,230,1,226,5.01e-164,461,98.25
YP_002302326.1,2JAD_A,95.378,238,9,1,1,238,1,236,5.53e-164,466,96.64
YP_002302326.1,5OXA_A,94.958,238,10,1,1,238,2,237,7.00e-164,461,95.80
YP_002302326.1,4NDJ_A,94.538,238,11,1,1,238,54,289,7.42e-164,464,95.38
YP_002302326.1,1RM9_A,94.958,238,10,1,1,238,1,236,8.98e-164,461,96.22
YP_002302326.1,2YE1_A,94.958,238,10,1,1,238,2,237,9.72e-164,461,95.80
YP_002302326.1,3LA1_A,93.697,238,13,1,1,238,2,237,1.01e-163,461,95.80
YP_002302326.1,4AR7_A,94.958,238,10,1,1,238,2,237,1.47e-163,461,95.38
YP_002302326.1,2QU1_A,94.937,237,10,1,2,238,5,239,1.50e-163,461,95.36
YP_002302326.1,5J2O_A,94.958,238,10,1,1,238,2,237,1.90e-163,460,95.38
YP_002302326.1,2B3P_A,93.697,238,13,1,1,238,1,236,2.06e-163,460,95.38
YP_002302326.1,4JFG_A,93.697,238,13,1,1,238,9,244,2.06e-163,460,95.38
YP_002302326.1,1QXT_A,96.930,228,7,0,2,229,3,230,2.72e-163,459,97.37
YP_002302326.1,4N3D_A,96.552,232,6,1,1,232,13,242,3.27e-163,460,97.84
YP_002302326.1,2AWJ_A,96.930,228,7,0,2,229,3,230,3.95e-163,459,97.37
YP_002302326.1,5MFC_B,93.697,238,13,1,1,238,20,255,4.76e-163,460,95.38
YP_002302326.1,4KW4_A,94.538,238,11,1,1,238,4,239,4.81e-163,459,94.96
YP_002302326.1,4H47_A,93.277,238,14,1,1,238,2,237,6.01e-163,459,95.38
YP_002302326.1,3GEX_A,93.277,238,14,1,1,238,7,242,7.29e-163,459,95.38
YP_002302326.1,ETL77590.1,90.336,238,23,0,1,238,91,328,8.85e-163,463,95.38
YP_002302326.1,5FGU_A,98.261,230,2,1,1,230,4,231,1.04e-162,471,98.26
YP_002302326.1,6B9C_A,93.277,238,15,1,1,238,2,238,1.06e-162,458,95.38
YP_002302326.1,4J88_A,93.277,238,14,1,1,238,2,237,1.16e-162,458,95.38
YP_002302326.1,3K1K_A,94.915,236,10,1,3,238,3,236,1.22e-162,458,95.76
YP_002302326.1,4LQT_A,94.093,237,12,1,2,238,12,246,2.36e-162,457,95.36
YP_002302326.1,4J8A_A,93.277,238,14,1,1,238,2,237,3.31e-162,457,94.96
YP_002302326.1,5WJ2_A,93.697,238,13,1,1,238,23,258,4.03e-162,457,95.38
YP_002302326.1,4LQU_A,94.093,237,12,1,2,238,12,246,5.32e-162,457,95.36
YP_002302326.1,4NDK_A,94.118,238,12,1,1,238,54,289,5.40e-162,459,95.38
YP_002302326.1,5DPG_A,92.857,238,15,1,1,238,2,237,7.41e-162,456,94.96
YP_002302326.1,5EHU_A,92.857,238,15,1,1,238,2,237,8.37e-162,456,94.96
YP_002302326.1,4ANJ_A,97.479,238,4,1,1,238,817,1052,1.53e-161,483,98.32
YP_002302326.1,2QRF_A,96.087,230,7,1,1,230,1,228,1.53e-161,455,96.96
YP_002302326.1,BAB61868.1,96.186,236,9,0,1,236,499,734,2.20e-161,474,97.46
YP_002302326.1,BAB61868.1,96.916,227,7,0,1,227,2,228,8.01e-157,462,97.80
YP_002302326.1,1RMM_A,97.368,228,4,1,2,229,1,226,2.88e-161,454,97.81
YP_002302326.1,1YFP_A,97.357,227,4,1,3,229,1,225,3.20e-161,454,98.24
YP_002302326.1,3LVC_A,90.336,238,21,1,1,238,1,236,3.75e-161,454,94.96
YP_002302326.1,3GJ1_A,96.087,230,7,1,1,230,2,229,4.46e-161,454,96.96
YP_002302326.1,5DTZ_A,92.857,238,15,1,1,238,25,260,6.16e-161,455,94.96
YP_002302326.1,5J3N_A,93.249,237,14,1,2,238,8,242,7.71e-161,460,95.36
YP_002302326.1,5DU0_A,92.857,238,15,1,1,238,25,260,9.27e-161,454,94.96
YP_002302326.1,5DPI_A,92.437,238,16,1,1,238,2,237,1.03e-160,453,94.54
YP_002302326.1,5B61_A,90.756,238,22,0,1,238,1,238,1.11e-160,453,94.54
YP_002302326.1,AHN19672.1,96.444,225,8,0,11,235,1,225,1.16e-160,459,97.78
YP_002302326.1,5WJ3_A,92.857,238,15,1,1,238,4,239,1.34e-160,453,94.54
YP_002302326.1,4P1Q_A,96.070,229,7,1,3,231,2,228,1.91e-160,452,96.94
YP_002302326.1,2Q6P_A,93.277,238,14,1,1,238,1,236,2.29e-160,452,94.12
YP_002302326.1,5DQB_A,93.697,238,13,1,1,238,13,248,3.07e-160,452,94.12
YP_002302326.1,3CD1_A,94.093,237,11,2,3,238,14,248,3.62e-160,452,94.94
YP_002302326.1,WP_065000063.1,90.756,238,22,0,1,238,1,238,5.13e-160,451,93.70
YP_002302326.1,2QZ0_A,96.053,228,7,1,2,229,3,228,5.98e-160,451,96.93
YP_002302326.1,2AWL_A,96.053,228,7,1,2,229,3,228,6.05e-160,451,96.93
YP_002302326.1,1KP5_A,93.644,236,13,1,3,238,13,246,6.71e-160,451,94.92
YP_002302326.1,3LVA_A,89.916,238,22,1,1,238,1,236,7.74e-160,451,94.54
YP_002302326.1,2AWK_A,96.053,228,7,1,2,229,3,228,1.77e-159,450,96.49
YP_002302326.1,1QYF_A,96.053,228,7,1,2,229,3,228,1.83e-159,450,96.49
YP_002302326.1,3CB9_A,93.671,237,12,2,3,238,14,248,2.63e-159,450,94.51
YP_002302326.1,5WJ4_A,92.017,238,17,1,1,238,4,239,2.88e-159,449,94.12
YP_002302326.1,5JZK_A,92.797,236,15,1,3,238,14,247,3.42e-159,450,94.49
YP_002302326.1,1CV7_A,95.614,228,8,1,1,228,1,226,3.47e-159,449,96.93
YP_002302326.1,4XOV_A,92.437,238,16,1,1,238,35,270,4.79e-159,450,94.12
YP_002302326.1,4EN1_A,92.857,238,15,1,1,238,20,255,7.29e-159,449,93.70
YP_002302326.1,6MB2_AA,96.053,228,7,1,2,229,1,226,7.41e-159,448,96.93
YP_002302326.1,2AWM_A,95.614,228,8,1,2,229,3,228,7.46e-159,448,96.49
YP_002302326.1,4XGY_A,89.200,250,12,2,2,238,9,256,2.07e-158,450,90.40
YP_002302326.1,5BT0_A,93.133,233,14,1,2,234,1,231,2.33e-158,447,94.85
YP_002302326.1,4L12_A,94.348,230,11,1,1,230,2,229,4.59e-158,446,95.65
YP_002302326.1,5JZL_A,92.373,236,16,1,3,238,14,247,9.69e-158,446,94.07
YP_002302326.1,5NI3_C,93.074,231,14,1,3,233,1,229,2.45e-157,444,95.24
YP_002302326.1,WP_075873565.1,97.248,218,6,0,2,219,3,220,3.98e-157,443,98.17
YP_002302326.1,5WTS_A,91.139,237,19,1,1,237,1,235,6.55e-157,448,93.25
YP_002302326.1,5NI3_B,93.074,231,14,1,3,233,1,229,1.56e-156,442,94.81
YP_002302326.1,4P7H_A,95.319,235,9,1,4,238,791,1023,2.06e-156,469,96.60
YP_002302326.1,5NHN_B,93.043,230,14,1,2,231,1,228,3.59e-156,441,94.78
YP_002302326.1,5BTT_A,93.043,230,14,1,2,231,1,228,7.99e-156,441,94.78
YP_002302326.1,5NHN_A,93.043,230,14,1,2,231,1,228,1.10e-155,440,94.78
YP_002302326.1,3UFZ_A,93.860,228,12,1,2,229,2,227,2.38e-155,439,95.61
YP_002302326.1,4XBI_A,93.450,229,13,1,2,230,151,377,2.39e-155,445,95.20
YP_002302326.1,4PFE_A,92.609,230,15,1,2,231,1,228,1.25e-154,442,94.35
YP_002302326.1,5DY6_A,92.982,228,14,1,5,232,1,226,1.79e-154,437,94.74
YP_002302326.1,ACC54354.1,85.654,237,34,0,1,237,1,237,2.02e-154,437,92.83
YP_002302326.1,4PA0_A,95.671,231,8,1,4,234,791,1019,4.24e-154,463,96.97
YP_002302326.1,4LW5_A,88.285,239,24,2,2,238,3,239,1.30e-153,435,92.47
YP_002302326.1,1RRX_A,93.860,228,12,1,2,229,1,226,1.59e-153,434,94.30
YP_002302326.1,5NI3_A,92.952,227,14,1,3,229,1,225,3.60e-153,434,94.71
YP_002302326.1,6MDR_BB,90.086,232,23,0,1,232,1,232,4.60e-153,434,92.24
YP_002302326.1,3ED8_A,82.443,262,20,2,1,238,1,260,2.57e-152,433,84.73
YP_002302326.1,5WWK_A,89.177,231,23,1,2,232,1,229,3.17e-150,426,93.07
YP_002302326.1,AAK02059.1,83.613,238,39,0,1,238,1,238,3.37e-150,427,91.18
YP_002302326.1,5WUA_A,90.870,230,21,0,1,230,404,633,8.98e-150,442,93.91
YP_002302326.1,AAL33918.1,84.454,238,37,0,1,238,1,238,1.36e-149,425,90.76
YP_002302326.1,4ORN_A,87.395,238,28,1,1,238,4,239,1.91e-149,425,90.76
YP_002302326.1,AAL33916.1,83.193,238,40,0,1,238,1,238,1.95e-149,425,90.76
YP_002302326.1,AAL33912.1,83.193,238,40,0,1,238,1,238,3.93e-149,424,90.76
YP_002302326.1,AAL33913.1,83.193,238,40,0,1,238,1,238,5.29e-149,424,90.76
YP_002302326.1,AAL33914.1,83.193,238,40,0,1,238,1,238,7.19e-149,423,90.76
YP_002302326.1,5YR3_A,90.308,227,20,1,4,230,1,225,1.04e-148,422,92.51
YP_002302326.1,AAL33917.1,84.034,238,38,0,1,238,1,238,1.53e-148,422,90.34
YP_002302326.1,AAL33915.1,82.353,238,42,0,1,238,1,238,1.55e-147,420,89.92
YP_002302326.1,5MSE_A,80.169,237,45,1,2,238,4,238,4.11e-144,411,89.45
YP_002302326.1,6MDR_AA,83.122,237,40,0,2,238,3,239,1.28e-143,410,87.34
YP_002302326.1,3U8P_A,96.985,199,4,1,40,238,151,347,1.13e-139,404,97.49
YP_002302326.1,3U8P_A,95.000,40,2,0,1,40,2,41,3.84e-14,81.3,100.00
YP_002302326.1,6B7R_B,89.671,213,20,1,2,214,26,236,2.21e-137,394,92.49
YP_002302326.1,WP_063516868.1,98.396,187,3,0,1,187,1,187,2.48e-134,385,98.93
YP_002302326.1,WP_080051908.1,98.370,184,3,0,2,185,6,189,1.11e-131,378,99.46
YP_002302326.1,WP_100471040.1,98.286,175,3,0,1,175,1,175,3.42e-124,358,98.86
YP_002302326.1,3P28_A,93.989,183,9,1,50,232,2,182,2.78e-122,356,95.08
YP_002302326.1,3P28_A,100.000,47,0,0,3,49,193,239,3.99e-21,98.2,100.00
YP_002302326.1,6B7T_A,89.119,193,19,1,2,194,53,243,6.86e-122,355,92.23
YP_002302326.1,6B7T_A,87.500,24,3,0,214,237,22,45,0.013,47.0,91.67
YP_002302326.1,2G3D_B,97.674,172,4,0,67,238,2,173,1.01e-121,352,98.26
YP_002302326.1,2G2S_B,97.674,172,4,0,67,238,2,173,1.62e-121,352,98.26
YP_002302326.1,2G16_B,97.661,171,4,0,68,238,2,172,9.63e-121,350,98.25
YP_002302326.1,4ZF4_A,89.785,186,17,1,52,237,13,196,2.26e-120,352,93.01
YP_002302326.1,4ZF4_A,91.837,49,4,0,2,50,204,252,1.69e-18,91.7,93.88
YP_002302326.1,4ZF3_A,89.247,186,18,1,52,237,13,196,1.18e-119,350,92.47
YP_002302326.1,4ZF3_A,91.837,49,4,0,2,50,204,252,1.66e-18,91.7,93.88
YP_002302326.1,WP_084980426.1,98.214,168,3,0,1,168,1,168,1.31e-118,344,98.81
YP_002302326.1,WP_087507541.1,99.387,163,1,0,66,228,3,165,3.99e-117,340,100.00
YP_002302326.1,WP_087526155.1,99.387,163,1,0,66,228,2,164,4.39e-117,340,100.00
YP_002302326.1,3EVV_A,74.611,193,45,1,1,193,159,347,1.93e-94,293,80.31
YP_002302326.1,3EVV_A,93.407,91,6,0,148,238,61,151,1.52e-49,177,93.41
YP_002302326.1,3EVP_A,95.139,144,5,1,1,144,102,243,4.22e-94,285,97.22
YP_002302326.1,3EVP_A,94.444,90,5,0,149,238,5,94,6.74e-51,175,94.44
YP_002302326.1,4IK5_A,60.076,263,70,6,1,236,124,378,7.71e-94,290,69.20
YP_002302326.1,4IK5_A,91.209,91,8,0,148,238,26,116,5.99e-48,172,91.21
YP_002302326.1,4IK3_A,60.076,263,70,6,1,236,158,412,1.84e-93,290,69.20
YP_002302326.1,4IK3_A,91.209,91,8,0,148,238,60,150,9.30e-48,172,91.21
YP_002302326.1,3SG7_A,60.076,263,70,6,1,236,158,412,2.07e-93,290,69.20
YP_002302326.1,3SG7_A,92.222,90,7,0,149,238,61,150,9.81e-48,172,92.22
YP_002302326.1,3EVR_A,74.611,193,43,2,1,193,122,308,3.88e-93,288,80.31
YP_002302326.1,3EVR_A,93.407,91,6,0,148,238,24,114,1.02e-49,177,93.41
YP_002302326.1,3SG6_A,74.611,193,43,2,1,193,160,346,5.17e-93,289,80.31
YP_002302326.1,3SG6_A,94.444,90,5,0,149,238,63,152,1.55e-49,177,94.44
YP_002302326.1,3WLC_A,59.770,261,74,5,1,236,158,412,5.32e-93,289,68.97
YP_002302326.1,3WLC_A,91.209,91,8,0,148,238,60,150,1.17e-47,172,91.21
YP_002302326.1,3SG3_A,59.770,261,74,5,1,236,159,413,5.72e-93,289,68.58
YP_002302326.1,3SG3_A,91.209,91,8,0,148,238,61,151,9.39e-48,172,91.21
YP_002302326.1,4IK1_A,59.770,261,74,5,1,236,158,412,6.13e-93,289,68.58
YP_002302326.1,4IK1_A,91.209,91,8,0,148,238,60,150,9.50e-48,172,91.21
YP_002302326.1,3EVU_A,74.611,193,43,2,1,193,159,345,6.38e-93,289,80.31
YP_002302326.1,3EVU_A,93.407,91,6,0,148,238,61,151,1.46e-49,177,93.41
YP_002302326.1,3SG2_A,74.611,193,43,2,1,193,159,345,7.34e-93,289,80.31
YP_002302326.1,3SG2_A,92.308,91,7,0,148,238,61,151,8.31e-49,176,92.31
YP_002302326.1,3SG4_A,95.139,144,5,1,1,144,158,299,8.30e-93,289,97.22
YP_002302326.1,3SG4_A,91.209,91,8,0,148,238,60,150,1.01e-47,172,91.21
YP_002302326.1,3SG5_A,95.139,144,5,1,1,144,158,299,1.02e-92,288,97.22
YP_002302326.1,3SG5_A,92.222,90,7,0,149,238,61,150,1.25e-47,172,92.22
YP_002302326.1,3OSR_A,93.878,147,7,1,1,147,449,593,2.49e-91,291,97.28
YP_002302326.1,3OSR_A,93.478,92,6,0,147,238,350,441,3.67e-49,180,94.57
YP_002302326.1,3OSQ_A,94.521,146,6,1,1,146,311,454,3.38e-91,291,97.26
YP_002302326.1,3OSQ_A,88.235,102,11,1,138,238,202,303,3.09e-50,183,91.18
YP_002302326.1,5F9G_A,93.056,144,8,1,1,144,109,250,1.45e-90,276,94.44
YP_002302326.1,5F9G_A,91.489,94,8,0,145,238,6,99,4.01e-53,181,94.68
YP_002302326.1,5YR2_A,93.056,144,8,1,1,144,98,239,2.04e-90,276,94.44
YP_002302326.1,5YR2_A,95.556,90,4,0,146,235,2,91,1.31e-53,182,96.67
YP_002302326.1,RKH36892.1,95.489,133,6,0,18,150,1,133,3.99e-89,268,97.74
YP_002302326.1,3O77_A,73.545,189,44,2,5,193,129,311,2.28e-88,276,78.84
YP_002302326.1,3O77_A,93.333,90,6,0,148,237,26,115,6.43e-50,177,94.44
YP_002302326.1,3O78_A,73.545,189,44,2,5,193,129,311,2.59e-88,276,78.84
YP_002302326.1,3O78_A,93.333,90,6,0,148,237,26,115,6.71e-50,177,94.44
YP_002302326.1,6EFR_A,93.103,145,8,1,1,145,176,318,3.58e-88,279,94.48
YP_002302326.1,6EFR_A,94.444,90,5,0,149,238,80,169,3.72e-49,178,95.56
YP_002302326.1,AAR85349.1,53.043,230,102,3,1,227,1,227,1.47e-78,245,70.43
YP_002302326.1,4HE4_A,52.193,228,103,3,2,227,2,225,6.45e-75,236,68.86
YP_002302326.1,AEP19814.1,48.246,228,116,1,2,229,3,228,3.10e-72,229,67.11
YP_002302326.1,AEL17649.1,49.565,230,112,3,2,229,3,230,6.95e-72,228,66.96
YP_002302326.1,AEL17651.1,47.391,230,117,3,2,229,3,230,8.41e-70,223,67.39
YP_002302326.1,AEL17650.1,47.826,230,116,3,2,229,3,230,2.73e-69,221,66.96
YP_002302326.1,ADI71928.1,42.609,230,129,2,1,229,4,231,1.12e-63,207,64.35
YP_002302326.1,ADI71933.1,42.609,230,129,2,1,229,4,231,3.05e-63,206,64.35
YP_002302326.1,ADI71935.1,42.609,230,129,2,1,229,4,231,3.63e-63,206,64.35
YP_002302326.1,ADI71927.1,42.609,230,129,2,1,229,4,231,1.70e-62,204,63.91
YP_002302326.1,ADI71929.1,42.174,230,130,2,1,229,4,231,4.74e-62,203,63.91
YP_002302326.1,2HPW_A,41.739,230,129,3,1,229,4,229,1.03e-59,197,63.48
YP_002302326.1,AEP19815.1,42.291,227,128,2,1,226,6,230,8.83e-55,185,63.88
YP_002302326.1,AAR85351.1,41.778,225,125,4,6,229,3,222,9.78e-55,184,64.00
YP_002302326.1,RKH37039.1,96.629,89,3,0,150,238,1,89,1.22e-54,179,96.63
YP_002302326.1,XP_013335877.1,97.701,87,2,0,152,238,3,89,1.74e-53,177,97.70
YP_002302326.1,AAR85350.1,39.450,218,126,4,6,222,40,252,4.14e-48,169,61.47
YP_002302326.1,AEP19816.1,36.797,231,135,5,1,227,6,229,1.10e-41,151,54.55
YP_002302326.1,WP_094923899.1,98.529,68,1,0,171,238,1,68,3.91e-40,142,100.00
YP_002302326.1,PTB90695.1,98.529,68,1,0,1,68,1,68,1.46e-38,137,98.53
YP_002302326.1,AEP19817.1,36.000,225,138,3,4,227,9,228,2.88e-36,137,51.56
YP_002302326.1,2G2S_A,98.438,64,1,0,2,65,3,66,8.59e-36,130,98.44
YP_002302326.1,2G16_A,100.000,63,0,0,2,64,3,65,8.97e-36,130,100.00
YP_002302326.1,BBC53698.1,35.065,231,140,6,1,229,1,223,1.18e-32,128,52.38
YP_002302326.1,5Y00_A,32.510,243,152,5,1,238,36,271,4.57e-32,127,48.56
YP_002302326.1,AEP13896.1,32.301,226,147,3,1,226,1,220,1.80e-28,123,50.00
YP_002302326.1,AEP13896.1,32.599,227,141,6,3,226,458,675,4.79e-26,116,49.78
YP_002302326.1,AEP13896.1,30.172,232,138,4,4,226,684,900,8.24e-25,113,47.41
YP_002302326.1,AEP13896.1,30.973,226,148,4,2,226,229,447,8.90e-25,113,48.23
YP_002302326.1,BBC28143.1,30.303,231,155,4,1,231,1,225,9.33e-27,112,46.75
YP_002302326.1,ANW97526.1,29.435,248,153,9,1,238,2,237,5.10e-23,103,49.60
YP_002302326.1,AER00326.1,100.000,44,0,0,159,202,1,44,8.04e-22,94.4,100.00
YP_002302326.1,AAY40168.1,27.074,229,163,2,1,229,1,225,1.65e-21,99.4,45.85
YP_002302326.1,AEP13895.1,32.751,229,129,8,12,219,283,507,1.83e-21,102,48.91
YP_002302326.1,AEP13895.1,28.033,239,148,9,1,218,1,236,3.94e-14,82.0,47.70
YP_002302326.1,AAZ14787.1,36.879,141,86,2,1,140,1,139,2.45e-21,98.6,56.03
YP_002302326.1,ACV52378.1,34.752,141,88,3,14,152,10,148,2.59e-21,98.6,58.87
YP_002302326.1,ABS87206.1,30.457,197,127,5,7,201,3,191,2.90e-21,98.2,52.79
YP_002302326.1,AAO61598.1,33.784,148,94,3,7,152,3,148,3.47e-21,98.2,54.73
YP_002302326.1,AAL17905.1,30.457,197,127,5,7,201,3,191,5.06e-21,97.4,52.28
YP_002302326.1,AAZ67343.1,29.717,212,139,5,1,210,1,204,5.49e-21,97.4,47.17
YP_002302326.1,AAO61602.1,30.457,197,127,5,7,201,3,191,5.51e-21,97.4,52.28
YP_002302326.1,AAZ14789.1,29.703,202,134,3,1,201,1,195,8.39e-21,97.1,45.54
YP_002302326.1,AAV54099.1,34.752,141,88,3,14,152,10,148,9.92e-21,97.1,58.87
YP_002302326.1,ABS87207.1,35.135,148,92,3,7,152,3,148,1.29e-20,96.7,55.41
YP_002302326.1,AAQ90465.1,33.784,148,94,3,7,152,3,148,1.77e-20,96.3,54.05
YP_002302326.1,ABS87213.1,35.461,141,87,3,14,152,10,148,2.98e-20,95.5,56.03
YP_002302326.1,BAC20344.1,32.624,141,91,3,14,152,10,148,4.22e-20,95.1,59.57
YP_002302326.1,ABB17960.1,33.333,141,90,3,14,152,10,148,4.73e-20,95.1,58.16
YP_002302326.1,ABB17963.1,30.198,202,133,3,1,201,1,195,7.12e-20,94.7,45.54
YP_002302326.1,AAR85352.1,25.974,231,163,3,1,229,1,225,7.19e-20,94.7,45.45
YP_002302326.1,ABS87211.1,36.170,141,86,3,14,152,10,148,1.08e-19,94.0,54.61
YP_002302326.1,XP_020630220.1,34.043,141,89,3,14,152,3,141,1.15e-19,94.0,57.45
YP_002302326.1,ABI58282.1,29.384,211,141,3,1,210,1,204,1.70e-19,93.6,45.02
YP_002302326.1,ABB17971.1,29.767,215,138,6,1,210,1,207,2.45e-19,93.2,49.30
YP_002302326.1,AAK71336.1,28.571,196,124,5,7,188,3,196,3.92e-19,92.8,50.00
YP_002302326.1,BAW32535.1,31.915,141,92,3,14,152,10,148,4.78e-19,92.4,57.45
YP_002302326.1,BAW32536.1,31.915,141,92,3,14,152,10,148,4.83e-19,92.4,57.45
YP_002302326.1,AAK62982.2,29.208,202,115,6,11,201,7,191,6.01e-19,92.0,48.02
YP_002302326.1,AAM10625.3,30.366,191,121,6,14,201,10,191,6.08e-19,92.0,51.31
YP_002302326.1,AAU06843.1,32.468,154,100,3,1,152,1,152,7.09e-19,92.0,55.19
YP_002302326.1,BAW32537.1,29.381,194,125,6,14,204,10,194,7.11e-19,92.0,52.58
YP_002302326.1,ABS87215.1,28.421,190,120,4,7,182,3,190,8.23e-19,91.7,48.95
YP_002302326.1,ABB17959.1,29.282,181,112,5,16,182,12,190,9.32e-19,91.7,52.49
YP_002302326.1,ABS87210.1,29.208,202,115,6,11,201,7,191,1.08e-18,91.3,47.52
YP_002302326.1,AAS18270.1,37.903,124,74,2,18,140,18,139,1.08e-18,91.3,54.84
YP_002302326.1,AAK71332.1,32.237,152,99,3,14,163,10,159,1.34e-18,91.3,54.61
YP_002302326.1,4ZBL_A,26.106,226,161,3,4,229,18,237,1.58e-18,91.3,45.13
YP_002302326.1,ABS87209.1,33.333,141,90,3,14,152,10,148,1.62e-18,90.9,54.61
YP_002302326.1,BAW32538.1,29.688,192,123,6,16,204,12,194,1.71e-18,90.9,51.56
YP_002302326.1,AAZ67342.1,32.903,155,100,3,1,154,1,152,1.77e-18,90.9,52.26
YP_002302326.1,ACD13193.1,34.043,141,89,3,14,152,10,148,1.84e-18,90.9,56.03
YP_002302326.1,XP_027044179.1,29.596,223,148,4,1,222,1,215,3.43e-18,90.1,43.95
YP_002302326.1,ABB17955.1,30.526,190,122,5,14,201,10,191,3.73e-18,90.1,51.05
YP_002302326.1,ABB17968.1,36.800,125,76,2,14,137,10,132,3.78e-18,90.1,55.20
YP_002302326.1,3GB3_A,26.201,229,163,3,1,229,1,223,4.01e-18,90.1,44.98
YP_002302326.1,XP_022778185.1,28.837,215,140,6,1,210,1,207,4.46e-18,89.7,49.30
YP_002302326.1,AAZ14788.1,30.332,211,139,5,1,210,1,204,4.61e-18,89.7,48.34
YP_002302326.1,ACD13195.1,30.055,183,112,5,14,182,10,190,5.10e-18,89.7,49.73
YP_002302326.1,5FVF_A,32.143,140,91,3,14,152,12,148,7.75e-18,89.0,57.86
YP_002302326.1,2VVH_A,32.143,140,91,3,14,152,12,148,8.23e-18,89.0,57.86
YP_002302326.1,4LJD_C,32.143,140,91,3,14,152,16,152,8.40e-18,89.0,57.86
YP_002302326.1,XP_020605513.1,36.800,125,76,2,14,137,10,132,8.42e-18,89.0,56.80
YP_002302326.1,4LJD_A,32.143,140,91,3,14,152,16,152,8.48e-18,89.0,57.86
YP_002302326.1,3TMR_A,32.143,140,91,3,14,152,16,152,8.54e-18,89.4,57.86
YP_002302326.1,4R6B_A,32.143,140,91,3,14,152,16,152,8.72e-18,89.4,57.86
YP_002302326.1,1ZUX_A,32.143,140,91,3,14,152,10,146,9.44e-18,89.0,57.86
YP_002302326.1,4LJC_A,32.143,140,91,3,14,152,16,152,9.61e-18,89.0,57.86
YP_002302326.1,3A8S_A,26.106,226,161,3,4,229,7,226,1.16e-17,89.0,45.13
YP_002302326.1,Q9U6Y3.1,34.043,141,89,3,14,152,52,190,1.18e-17,89.7,56.03
YP_002302326.1,4B30_B,26.201,229,163,3,1,229,1,223,1.19e-17,89.0,44.54
YP_002302326.1,2GW3_A,30.000,140,94,3,14,152,12,148,1.28e-17,88.6,59.29
YP_002302326.1,4ZFS_A,26.106,226,161,3,4,229,15,234,1.94e-17,88.6,44.69
YP_002302326.1,XP_027044177.1,29.148,223,149,4,1,222,1,215,2.08e-17,88.2,43.50
YP_002302326.1,2WIQ_A,26.106,226,161,3,4,229,26,245,2.17e-17,88.6,45.13
YP_002302326.1,CBI12485.1,28.947,190,125,5,14,201,10,191,2.19e-17,87.8,50.00
YP_002302326.1,XP_027044180.1,30.435,207,135,4,17,222,6,204,2.30e-17,87.8,43.48
YP_002302326.1,4B30_A,26.201,229,163,3,1,229,1,223,2.39e-17,88.2,44.54
YP_002302326.1,ABB17958.1,34.375,128,79,2,18,142,18,143,2.65e-17,87.8,53.91
YP_002302326.1,BAG68908.1,32.624,141,91,3,14,152,10,148,2.73e-17,87.8,53.90
YP_002302326.1,2VVJ_A,32.143,140,91,3,14,152,12,148,2.99e-17,87.8,57.14
YP_002302326.1,AAU04448.1,28.141,199,115,6,14,201,10,191,3.25e-17,87.4,47.74
YP_002302326.1,3P8U_A,32.143,140,91,3,14,152,16,152,3.47e-17,87.4,57.14
YP_002302326.1,AAO61603.1,28.141,199,115,6,14,201,10,191,3.57e-17,87.4,47.74
YP_002302326.1,RMX59748.1,28.972,214,143,4,17,229,4,209,4.44e-17,87.0,43.93
YP_002302326.1,2BTJ_A,32.143,140,91,3,14,152,10,146,4.56e-17,87.0,57.14
YP_002302326.1,AUD11406.1,31.443,194,116,7,14,201,10,192,5.63e-17,87.0,48.97
YP_002302326.1,5OQE_A,31.429,140,92,3,14,152,9,145,6.20e-17,86.7,57.86
YP_002302326.1,XP_027044173.1,28.509,228,150,5,7,229,8,227,6.47e-17,86.7,43.42
YP_002302326.1,5OOZ_A,31.429,140,92,3,14,152,10,146,6.59e-17,86.7,57.86
YP_002302326.1,2VZX_A,29.474,190,122,6,14,201,10,189,6.61e-17,86.7,50.53
YP_002302326.1,ABN41777.1,31.206,141,93,3,14,152,10,148,7.85e-17,86.7,56.03
YP_002302326.1,5EXB_A,28.947,190,123,6,14,201,11,190,1.34e-16,85.9,51.05
YP_002302326.1,5OQ9_A,31.429,140,92,3,14,152,10,146,1.35e-16,85.9,57.86
YP_002302326.1,AAS18271.1,37.600,125,74,3,18,140,13,135,1.46e-16,85.5,55.20
YP_002302326.1,3S05_A,31.429,140,92,3,14,152,10,146,1.47e-16,85.9,57.86
YP_002302326.1,RMX59755.1,29.148,223,149,4,1,222,1,215,1.48e-16,87.8,43.50
YP_002302326.1,2OTB_A,32.857,140,90,3,14,152,9,145,1.54e-16,85.5,57.86
YP_002302326.1,XP_015751139.1,28.755,233,156,6,1,230,1,226,1.57e-16,85.9,45.49
YP_002302326.1,2HQK_A,28.125,224,144,8,14,233,9,219,1.74e-16,85.5,50.45
YP_002302326.1,XP_027047229.1,36.885,122,74,2,17,137,17,136,5.08e-16,84.3,52.46
YP_002302326.1,XP_027044182.1,34.286,140,88,3,1,140,1,136,5.27e-16,83.2,50.00
YP_002302326.1,ACV52380.1,29.496,139,94,3,16,152,19,155,5.97e-16,82.4,55.40
YP_002302326.1,BAX00790.1,30.769,143,94,2,1,140,1,141,6.15e-16,84.3,51.75
YP_002302326.1,ACH89427.1,27.523,218,142,6,18,229,18,225,6.75e-16,84.0,45.41
YP_002302326.1,XP_015751140.1,28.448,232,156,6,1,229,1,225,6.89e-16,84.0,45.26
YP_002302326.1,5DTL_A,30.714,140,93,3,14,152,10,146,6.92e-16,84.0,57.14
YP_002302326.1,BAF76140.1,34.146,123,76,3,18,137,15,135,7.14e-16,84.0,56.91
YP_002302326.1,ACV52386.1,31.746,126,83,2,16,140,12,135,7.20e-16,82.0,53.97
YP_002302326.1,FAA00740.1,29.630,216,142,6,18,230,7,215,8.31e-16,83.6,46.30
YP_002302326.1,ACV52374.1,28.141,199,115,6,14,201,10,191,8.77e-16,83.6,47.24
YP_002302326.1,XP_015751143.1,27.468,233,159,5,1,230,1,226,8.83e-16,84.0,45.06
YP_002302326.1,4JC2_A,31.429,140,92,3,14,152,10,146,8.91e-16,83.6,53.57
YP_002302326.1,Q9U6Y6.1,30.208,192,124,3,18,206,18,202,1.04e-15,83.6,42.71
YP_002302326.1,XP_015751145.1,26.724,232,160,4,1,229,1,225,1.07e-15,83.6,43.53
YP_002302326.1,3KCS_A,28.112,249,152,10,1,238,2,234,1.11e-15,83.6,46.18
YP_002302326.1,ACV52382.1,33.333,126,81,2,16,140,40,163,1.30e-15,81.6,53.97
YP_002302326.1,ACV52381.1,31.061,132,88,2,10,140,2,131,1.33e-15,81.3,53.79
YP_002302326.1,XP_027044181.1,29.767,215,140,5,17,229,4,209,1.61e-15,82.8,43.26
YP_002302326.1,ABS87208.1,29.412,221,122,8,14,217,10,213,1.66e-15,83.2,46.61
YP_002302326.1,RMX56431.1,37.097,124,75,2,18,140,5,126,1.79e-15,82.4,54.03
YP_002302326.1,XP_022805203.1,36.885,122,74,2,17,137,6,125,1.82e-15,81.6,51.64
YP_002302326.1,BAX00704.1,34.921,126,77,3,18,140,10,133,1.87e-15,82.8,53.97
YP_002302326.1,AAM10626.2,36.290,124,74,3,16,137,13,133,2.04e-15,82.8,54.03
YP_002302326.1,XP_027058889.1,37.097,124,75,2,18,140,7,128,2.15e-15,82.4,54.03
YP_002302326.1,PFX16305.1,36.885,122,74,2,17,137,27,146,2.49e-15,81.6,51.64
YP_002302326.1,4R6D_A,30.667,150,100,3,14,162,10,156,2.61e-15,82.0,55.33
YP_002302326.1,AAU06846.1,27.315,216,145,6,18,229,18,225,2.69e-15,82.4,46.30
YP_002302326.1,4Q9W_A,33.858,127,81,2,14,140,10,133,2.74e-15,82.0,57.48
YP_002302326.1,2VAD_A,26.316,228,153,7,1,226,1,215,2.89e-15,82.4,46.05
YP_002302326.1,BAD24722.1,34.146,123,76,3,18,137,15,135,3.17e-15,82.0,56.91
YP_002302326.1,BAD24723.1,28.272,191,127,4,17,204,18,201,3.26e-15,82.4,46.60
YP_002302326.1,ABB17973.1,27.189,217,146,6,18,230,18,226,3.85e-15,82.0,46.54
YP_002302326.1,XP_027058888.1,33.333,141,91,2,1,140,1,139,4.12e-15,82.0,51.77
YP_002302326.1,BBC21270.1,27.586,232,158,5,1,229,1,225,4.27e-15,82.0,44.40
YP_002302326.1,XP_027058887.1,33.333,141,91,2,1,140,1,139,4.86e-15,81.6,51.77
YP_002302326.1,XP_015751144.1,26.724,232,160,4,1,229,1,225,5.75e-15,81.6,43.10
YP_002302326.1,BAX00692.1,30.055,183,118,4,20,199,1,176,5.80e-15,81.3,45.90
YP_002302326.1,BAD52001.1,28.019,207,121,6,14,209,10,199,6.16e-15,81.3,45.41
YP_002302326.1,AAU04447.1,28.311,219,141,8,14,226,10,218,6.25e-15,81.3,48.86
YP_002302326.1,AAU04449.1,29.897,194,121,7,14,201,10,194,6.58e-15,81.3,50.00
YP_002302326.1,4OY4_A,31.429,140,90,3,4,140,246,382,7.21e-15,83.6,55.00
YP_002302326.1,ABS87212.1,29.208,202,112,7,14,201,10,194,7.30e-15,81.3,47.03
YP_002302326.1,XP_027044184.1,26.840,231,155,6,1,229,1,219,7.31e-15,81.3,44.59
YP_002302326.1,AAU06851.1,31.469,143,93,3,1,140,1,141,7.36e-15,81.3,51.75
YP_002302326.1,RMX59754.1,35.772,123,75,3,18,140,1,119,7.63e-15,79.7,50.41
YP_002302326.1,XP_015751136.1,31.469,143,93,3,1,140,1,141,7.67e-15,81.3,51.75
YP_002302326.1,AAU04446.1,29.208,202,112,7,14,201,10,194,8.01e-15,81.3,47.03
YP_002302326.1,ABS87214.1,32.639,144,90,4,14,152,10,151,8.43e-15,81.3,53.47
YP_002302326.1,BAX00688.1,30.055,183,118,4,20,199,1,176,8.69e-15,80.5,45.90
YP_002302326.1,AAU06849.1,27.317,205,137,7,1,201,1,197,8.86e-15,81.3,47.32
YP_002302326.1,RMX59776.1,30.047,213,138,5,17,227,43,246,9.18e-15,81.6,42.25
YP_002302326.1,ACH89424.1,31.469,143,93,3,1,140,1,141,9.33e-15,80.9,51.75
YP_002302326.1,ABB17962.1,27.536,207,122,6,14,209,10,199,1.01e-14,80.9,45.41
YP_002302326.1,BAX00706.1,26.512,215,148,3,18,229,10,217,1.05e-14,80.5,41.86
YP_002302326.1,ACH89426.1,26.852,216,146,7,18,229,18,225,1.23e-14,80.9,45.83
YP_002302326.1,AAU06847.1,27.907,215,145,4,18,229,18,225,1.44e-14,80.5,43.26
YP_002302326.1,ACH89428.1,27.907,215,145,4,18,229,18,225,1.51e-14,80.5,43.26
YP_002302326.1,ACV52389.1,30.994,171,110,4,1,169,32,196,1.54e-14,80.9,49.71
YP_002302326.1,ACH53606.1,32.867,143,91,3,1,140,1,141,1.63e-14,80.5,51.05
YP_002302326.1,BAX00702.1,28.502,207,138,4,19,222,1,200,1.67e-14,79.7,42.51
YP_002302326.1,ABB17957.1,35.714,126,76,3,18,140,18,141,1.74e-14,80.1,56.35
YP_002302326.1,AAO00733.1,33.333,129,84,1,12,140,7,133,1.82e-14,80.1,51.94
YP_002302326.1,ABB17956.1,28.251,223,124,8,14,217,10,215,1.91e-14,80.1,46.19
YP_002302326.1,AAO61601.1,28.713,202,113,7,14,201,10,194,1.94e-14,80.1,47.03
YP_002302326.1,BAX00792.1,26.977,215,147,4,18,229,18,225,2.14e-14,80.1,43.72
YP_002302326.1,FAA00741.1,27.907,215,145,4,18,229,7,214,2.17e-14,79.7,42.33
YP_002302326.1,XP_015751137.1,26.852,216,146,6,18,229,18,225,2.25e-14,80.1,45.83
YP_002302326.1,BAD52002.1,31.915,141,92,3,14,152,10,148,2.30e-14,79.7,51.06
YP_002302326.1,XP_015751138.1,26.852,216,146,6,18,229,18,225,2.33e-14,80.1,45.83
YP_002302326.1,AAG41205.1,31.250,128,85,2,14,140,11,136,2.55e-14,79.7,53.12
YP_002302326.1,BAX00672.1,29.947,187,121,5,18,201,18,197,2.55e-14,79.7,45.99
YP_002302326.1,BBC21269.1,28.372,215,144,5,18,229,18,225,2.58e-14,79.7,43.72
YP_002302326.1,ABB17970.1,33.871,124,79,2,18,140,17,138,2.70e-14,79.7,50.81
YP_002302326.1,XP_015751142.1,29.947,187,121,5,18,201,18,197,2.85e-14,79.7,45.99
YP_002302326.1,AAO00732.1,27.723,202,137,3,12,212,7,200,2.99e-14,79.3,43.56
YP_002302326.1,ACV52377.1,26.904,197,116,6,16,201,12,191,3.40e-14,79.3,46.70
YP_002302326.1,RMX43351.1,33.333,135,87,2,4,137,6,138,4.28e-14,79.7,49.63
YP_002302326.1,BAX00690.1,27.442,215,146,4,18,229,18,225,4.30e-14,79.3,43.26
YP_002302326.1,ACV52383.1,33.858,127,80,3,16,140,12,136,4.69e-14,77.0,52.76
YP_002302326.1,AAG41206.2,32.331,133,87,2,11,142,8,138,4.85e-14,79.3,53.38
YP_002302326.1,BAX00656.1,27.442,215,146,4,18,229,18,225,5.33e-14,79.0,43.26
YP_002302326.1,BAD24721.1,34.146,123,76,3,18,137,14,134,5.74e-14,78.6,56.10
YP_002302326.1,BAX00655.1,27.442,215,146,4,18,229,18,225,5.97e-14,79.0,43.26
YP_002302326.1,BAX00689.1,29.508,183,119,4,20,199,1,176,5.99e-14,78.2,45.36
YP_002302326.1,BAX00658.1,27.442,215,146,4,18,229,18,225,6.09e-14,79.0,42.79
YP_002302326.1,BAD24720.1,33.333,123,77,3,18,137,7,127,6.26e-14,78.6,56.10
YP_002302326.1,3LF3_A,25.652,230,149,9,16,238,16,230,6.43e-14,79.0,48.70
YP_002302326.1,BAM08940.1,27.907,215,145,4,18,229,7,214,6.50e-14,78.6,42.33
YP_002302326.1,XP_020630195.1,39.604,101,58,2,14,113,10,108,7.18e-14,75.5,57.43
YP_002302326.1,XP_020605521.1,27.014,211,121,7,14,208,10,203,7.30e-14,78.6,46.45
YP_002302326.1,ABC68475.1,30.986,142,93,4,14,152,10,149,7.40e-14,78.6,53.52
YP_002302326.1,AAK71331.1,26.943,193,124,7,16,201,45,227,7.47e-14,79.0,47.15
YP_002302326.1,AAU06850.1,31.469,143,93,3,1,140,1,141,7.63e-14,78.6,51.05
YP_002302326.1,AAK71334.1,31.915,141,89,4,16,151,19,157,8.27e-14,78.6,53.19
YP_002302326.1,AAU06845.1,26.852,216,148,4,17,229,17,225,8.62e-14,78.6,43.52
YP_002302326.1,XP_022807489.1,32.231,121,80,1,17,137,17,135,8.75e-14,76.3,49.59
YP_002302326.1,BAD95669.1,26.190,210,136,6,7,208,3,201,9.02e-14,78.2,46.67
YP_002302326.1,ABB17972.1,26.852,216,148,4,17,229,17,225,9.36e-14,78.2,43.52
YP_002302326.1,BAX00691.1,28.788,198,128,6,10,201,7,197,9.55e-14,78.2,45.96
YP_002302326.1,XP_027050944.1,27.273,231,154,7,1,229,1,219,1.03e-13,78.2,44.59
YP_002302326.1,AAO61600.1,27.854,219,124,8,16,217,19,220,1.05e-13,78.2,46.58
YP_002302326.1,XP_020623141.1,30.822,146,92,4,14,152,10,153,1.12e-13,78.2,52.74
YP_002302326.1,AAU04450.2,26.407,231,156,6,1,229,1,219,1.26e-13,77.8,43.72
YP_002302326.1,AAK83923.1,31.250,144,92,4,14,152,10,151,1.47e-13,77.8,52.78
YP_002302326.1,ACH67606.1,28.070,171,113,5,8,175,4,167,1.71e-13,77.4,52.05
YP_002302326.1,3U0L_A,27.103,214,136,9,16,219,18,221,1.88e-13,77.4,47.66
YP_002302326.1,XP_020630140.1,35.156,128,77,3,14,137,9,134,1.89e-13,77.4,53.12
YP_002302326.1,Q9GZ28.1,32.061,131,86,2,11,140,8,136,1.93e-13,77.4,53.44
YP_002302326.1,AAS18272.1,36.000,125,76,3,18,140,18,140,1.95e-13,77.4,52.00
YP_002302326.1,AAT77753.1,25.926,216,147,6,18,227,18,226,2.01e-13,77.4,45.83
YP_002302326.1,FAA00746.1,25.926,216,147,6,18,227,1,209,2.30e-13,77.0,45.37
YP_002302326.1,2A47_A,29.688,192,123,4,18,206,29,211,2.74e-13,77.4,42.19
YP_002302326.1,Q8ISF8.1,29.286,140,95,3,14,151,11,148,2.94e-13,77.0,54.29
YP_002302326.1,XP_015770397.1,25.806,217,148,6,17,227,17,226,3.21e-13,77.0,45.16
YP_002302326.1,AGI60202.1,25.926,216,147,6,18,227,18,226,3.34e-13,77.0,45.37
YP_002302326.1,XP_022807490.1,34.711,121,73,2,17,137,22,136,3.41e-13,76.6,51.24
YP_002302326.1,AAU06857.1,27.861,201,127,8,16,209,12,201,3.79e-13,76.6,48.76
YP_002302326.1,AAU06852.1,25.926,216,147,6,18,227,18,226,3.93e-13,76.6,45.37
YP_002302326.1,ACV52385.1,32.283,127,82,3,16,140,12,136,3.96e-13,74.7,51.97
YP_002302326.1,AAK71335.1,29.500,200,110,8,16,201,19,201,4.14e-13,76.6,46.00
YP_002302326.1,ACV52372.1,28.718,195,123,8,14,201,11,196,4.96e-13,76.3,49.74
YP_002302326.1,ACV52375.1,27.895,190,124,7,16,201,12,192,5.06e-13,76.3,50.00
YP_002302326.1,ACH89429.1,25.926,216,147,6,18,227,18,226,5.39e-13,76.3,45.37
YP_002302326.1,AAK97633.1,28.218,202,114,7,14,201,10,194,5.39e-13,76.3,46.04
YP_002302326.1,ANF06846.1,28.205,195,129,5,16,205,12,200,6.24e-13,75.9,46.67
YP_002302326.1,BAX00705.1,25.581,215,150,4,18,229,10,217,6.99e-13,75.9,43.72
YP_002302326.1,5BQL_A,31.915,141,91,3,1,140,2,138,7.49e-13,76.3,51.77
YP_002302326.1,ACD13192.1,25.581,215,150,4,18,229,18,225,7.50e-13,75.9,43.72
YP_002302326.1,ABB17953.1,26.623,154,109,3,16,167,17,168,1.21e-12,75.5,50.00
YP_002302326.1,BAX00659.1,28.372,215,143,6,18,229,18,224,1.24e-12,75.1,43.72
YP_002302326.1,ACD13191.1,28.671,143,97,3,1,140,1,141,1.28e-12,75.1,51.05
YP_002302326.1,ACV52388.1,30.380,158,102,4,14,169,3,154,1.34e-12,74.3,48.73
YP_002302326.1,AUD11405.1,29.381,194,121,8,14,201,10,193,1.54e-12,75.1,47.42
YP_002302326.1,AAG16224.1,26.531,196,128,5,1,182,1,194,1.96e-12,74.7,46.94
YP_002302326.1,AET09720.1,25.806,217,148,6,17,227,17,226,2.27e-12,74.7,44.70
YP_002302326.1,4OJ0_A,29.412,153,102,4,1,151,4,152,2.57e-12,74.7,50.33
YP_002302326.1,2A48_A,29.412,187,120,4,18,201,29,206,2.58e-12,74.7,41.71
YP_002302326.1,AAK71341.1,27.638,199,127,8,18,208,25,214,2.59e-12,74.7,49.25
YP_002302326.1,2A46_A,29.412,187,120,4,18,201,29,206,2.66e-12,74.7,41.71
YP_002302326.1,3MGF_A,34.146,123,73,5,18,137,18,135,2.82e-12,73.9,56.91
YP_002302326.1,XP_020605512.1,29.452,146,94,4,14,152,10,153,2.90e-12,74.3,51.37
YP_002302326.1,BBC21272.1,25.806,217,148,6,17,227,17,226,3.08e-12,74.3,44.24
YP_002302326.1,Q95W85.1,31.250,128,85,2,14,140,11,136,3.20e-12,73.9,52.34
YP_002302326.1,2ZMU_A,34.146,123,73,5,18,137,15,132,3.26e-12,73.9,56.91
YP_002302326.1,AGI60203.1,25.806,217,148,6,17,227,17,226,3.41e-12,73.9,44.24
YP_002302326.1,ACV52373.1,32.520,123,79,3,16,136,12,132,3.43e-12,73.9,52.85
YP_002302326.1,BAX00670.1,25.806,217,148,6,17,227,17,226,3.55e-12,73.9,44.24
YP_002302326.1,BAD95670.1,25.616,203,132,6,7,201,3,194,3.62e-12,73.9,46.80
YP_002302326.1,XP_020627712.1,33.981,103,65,2,51,152,9,109,3.65e-12,73.2,57.28
YP_002302326.1,BBC21273.1,25.346,217,149,6,17,227,17,226,3.75e-12,73.9,44.24
YP_002302326.1,AAP55761.1,27.108,166,113,4,12,175,7,166,3.85e-12,73.9,51.20
YP_002302326.1,AAS19276.1,32.520,123,80,2,16,137,13,133,4.03e-12,73.9,50.41
YP_002302326.1,XP_015759439.1,25.463,216,148,6,18,227,18,226,4.74e-12,73.6,44.44
YP_002302326.1,BAX00650.1,25.806,217,148,6,17,227,17,226,4.76e-12,73.6,44.24
YP_002302326.1,AGI60204.1,25.806,217,148,6,17,227,17,226,4.86e-12,73.6,44.24
YP_002302326.1,ACV52387.1,30.282,142,94,4,14,152,8,147,5.07e-12,72.4,52.82
YP_002302326.1,AAO16871.1,32.520,123,80,2,16,137,13,133,5.80e-12,73.6,50.41
YP_002302326.1,ACD03134.1,23.276,232,165,6,1,227,1,224,6.26e-12,73.2,45.26
YP_002302326.1,XP_015757116.1,25.806,217,148,6,17,227,17,226,7.29e-12,73.2,44.24
YP_002302326.1,3ADF_A,27.807,187,125,5,14,199,13,190,7.62e-12,73.2,47.06
YP_002302326.1,BAX00653.1,25.346,217,149,6,17,227,17,226,8.36e-12,73.2,43.78
YP_002302326.1,ACV52376.1,31.507,146,91,4,14,152,10,153,9.29e-12,73.2,51.37
YP_002302326.1,BBC21271.1,25.806,217,148,6,17,227,17,226,9.77e-12,72.8,44.24
YP_002302326.1,Q9U6Y5.1,24.242,231,168,5,1,228,1,227,1.25e-11,72.4,44.59
YP_002302326.1,BAS22115.1,25.000,204,144,4,1,201,1,198,1.43e-11,72.0,44.12
YP_002302326.1,ABB17969.1,27.551,196,124,7,14,201,10,195,1.65e-11,72.0,47.45
YP_002302326.1,2DDC_A,25.248,202,132,6,7,201,3,192,2.55e-11,71.6,46.53
YP_002302326.1,BAS22113.1,26.203,187,129,4,18,201,24,204,2.63e-11,71.6,44.39
YP_002302326.1,3U0K_A,32.540,126,80,3,16,140,164,285,2.68e-11,73.6,52.38
YP_002302326.1,Q95W86.1,29.600,125,85,2,14,137,11,133,2.71e-11,71.6,52.00
YP_002302326.1,ABB17952.1,25.346,217,150,6,17,226,17,228,2.78e-11,71.6,44.70
YP_002302326.1,BAU68609.1,29.371,143,98,2,14,155,11,151,3.49e-11,71.2,46.85
YP_002302326.1,BAS22114.1,25.000,204,144,4,1,201,1,198,3.74e-11,70.9,44.12
YP_002302326.1,XP_015751149.1,33.613,119,74,3,25,140,1,117,3.81e-11,70.9,52.10
YP_002302326.1,XP_027047232.1,37.500,104,62,2,12,114,12,113,3.85e-11,68.6,52.88
YP_002302326.1,6CIU_A,26.768,198,117,6,14,201,23,202,3.98e-11,71.2,44.95
YP_002302326.1,BAX00649.1,25.346,217,149,6,17,227,17,226,4.31e-11,71.2,43.78
YP_002302326.1,WP_079864013.1,28.514,249,153,9,1,238,3,237,4.79e-11,71.2,47.79
YP_002302326.1,WP_046072766.1,28.514,249,153,9,1,238,2,236,5.02e-11,70.9,47.79
YP_002302326.1,ACD03133.1,23.504,234,164,7,1,227,1,226,5.77e-11,70.9,45.73
YP_002302326.1,AOQ25778.1,30.469,128,86,2,14,140,11,136,5.86e-11,70.9,50.78
YP_002302326.1,BAS22111.1,26.203,187,129,4,18,201,24,204,6.67e-11,70.5,44.39
YP_002302326.1,BAS22112.1,26.203,187,129,4,18,201,24,204,6.80e-11,70.5,44.39
YP_002302326.1,WP_088131300.1,28.514,249,153,9,1,238,37,271,7.76e-11,70.9,47.79
YP_002302326.1,BAX00669.1,28.571,161,109,4,17,174,17,174,7.89e-11,70.5,48.45
YP_002302326.1,AOQ25779.1,30.469,128,86,2,14,140,11,136,1.10e-10,70.1,50.78
YP_002302326.1,Q95W11.1,29.600,125,85,2,14,137,11,133,1.11e-10,69.7,51.20
YP_002302326.1,BAS22116.1,26.203,187,129,4,18,201,32,212,1.70e-10,69.7,44.39
YP_002302326.1,BAX00671.1,24.885,217,150,6,17,227,17,226,1.80e-10,69.3,43.78
YP_002302326.1,BAS22110.1,25.668,187,130,5,18,201,24,204,2.14e-10,68.9,45.99
YP_002302326.1,4P76_A,24.752,202,133,6,7,201,4,193,2.31e-10,68.9,46.04
YP_002302326.1,1YZW_A,29.134,127,87,2,14,140,11,134,2.39e-10,68.9,51.97
YP_002302326.1,6JC5_A,31.061,132,82,3,14,142,16,141,2.47e-10,68.9,50.76
YP_002302326.1,3E5V_A,28.906,128,86,3,14,140,24,147,2.70e-10,68.9,53.91
YP_002302326.1,ACD13196.1,25.123,203,140,6,11,209,7,201,2.78e-10,68.9,45.81
YP_002302326.1,ABB17966.1,24.186,215,152,6,18,226,18,227,3.15e-10,68.6,44.65
YP_002302326.1,6DEJ_A,29.134,127,87,2,14,140,21,144,3.20e-10,68.9,51.97
YP_002302326.1,1XMZ_A,29.231,130,89,2,11,140,19,145,3.33e-10,68.9,51.54
YP_002302326.1,2OJK_A,22.609,230,171,5,1,228,1,225,3.71e-10,68.6,45.22
YP_002302326.1,KKA00332.1,26.214,206,131,8,40,238,23,214,3.79e-10,68.2,46.12
YP_002302326.1,5YT1_A,28.105,153,104,4,1,151,14,162,4.31e-10,68.6,49.02
YP_002302326.1,XP_001634522.1,28.571,210,136,8,18,221,14,215,4.32e-10,68.6,47.62
YP_002302326.1,AAO49327.1,25.131,191,130,6,17,201,17,200,4.66e-10,68.2,46.60
YP_002302326.1,XP_020630180.1,38.043,92,54,2,14,104,3,92,5.49e-10,67.0,59.78
YP_002302326.1,1UIS_A,27.857,140,95,4,14,151,13,148,5.69e-10,68.2,52.86
YP_002302326.1,ABA41382.1,30.469,128,86,2,14,140,11,136,5.87e-10,67.8,48.44
YP_002302326.1,BAM08939.1,27.950,161,110,4,17,174,17,174,6.55e-10,67.8,48.45
YP_002302326.1,3E5W_A,26.543,162,111,4,14,174,24,178,8.26e-10,67.8,50.62
YP_002302326.1,2ZO6_A,36.036,111,66,3,18,127,45,151,8.77e-10,67.8,52.25
YP_002302326.1,RMX56441.1,36.275,102,62,2,40,140,14,113,1.10e-09,66.6,55.88
YP_002302326.1,BAX00654.1,25.229,218,149,7,17,227,17,227,1.87e-09,66.6,43.58
YP_002302326.1,3E5T_A,27.857,140,95,4,14,151,24,159,2.08e-09,66.6,52.14
YP_002302326.1,Q9U6Y4.1,25.116,215,148,6,18,226,18,225,2.37e-09,66.2,44.19
YP_002302326.1,4OQW_A,28.289,152,103,4,2,151,1,148,2.93e-09,65.9,48.03
YP_002302326.1,5UKG_A,27.941,136,93,3,6,140,131,262,3.23e-09,67.4,50.74
YP_002302326.1,AAV65486.1,29.353,201,126,6,1,196,2,191,3.62e-09,65.9,48.26
YP_002302326.1,ABB17954.1,31.250,128,82,4,14,137,14,139,3.95e-09,65.9,50.00
YP_002302326.1,BAX00683.1,26.230,183,122,6,25,201,1,176,4.51e-09,64.7,45.90
YP_002302326.1,BAX00685.1,26.042,192,127,7,25,210,1,183,4.91e-09,64.7,46.35
YP_002302326.1,6AA7_A,26.250,160,112,4,17,174,21,176,5.24e-09,65.5,49.38
YP_002302326.1,BAX00681.1,26.042,192,127,7,25,210,1,183,5.24e-09,64.7,46.35
YP_002302326.1,BAX00679.1,26.230,183,122,6,25,201,1,176,5.83e-09,64.7,45.90
YP_002302326.1,1XSS_A,25.123,203,131,7,7,201,3,192,6.06e-09,65.1,45.81
YP_002302326.1,1XA9_A,23.832,214,150,6,18,226,18,223,6.32e-09,65.1,45.33
YP_002302326.1,BAX00684.1,26.230,183,122,6,25,201,1,176,7.06e-09,64.3,45.90
YP_002302326.1,BAX00678.1,26.042,192,127,7,25,210,1,183,7.57e-09,64.3,45.83
YP_002302326.1,2H5O_A,28.112,249,152,10,1,238,2,234,7.88e-09,64.7,47.39
YP_002302326.1,3IP2_A,28.369,141,96,3,1,140,2,138,8.58e-09,64.7,48.94
YP_002302326.1,2ZO7_A,33.871,124,76,4,18,140,18,136,8.84e-09,64.7,50.81
YP_002302326.1,XP_022810129.1,34.579,107,65,2,18,121,1,105,9.80e-09,62.4,52.34
YP_002302326.1,RMX56440.1,31.765,170,101,8,18,179,39,201,1.35e-08,65.1,44.71
YP_002302326.1,5Y8Q_A,23.832,214,150,6,18,226,21,226,1.38e-08,64.3,44.86
YP_002302326.1,4EDS_A,28.676,136,91,4,18,151,27,158,1.40e-08,64.3,48.53
YP_002302326.1,3NED_A,27.309,249,156,9,1,238,10,244,1.72e-08,63.9,46.59
YP_002302326.1,2PXS_A,23.256,215,157,6,17,228,14,223,2.05e-08,63.5,45.12
YP_002302326.1,2OGR_A,23.832,214,150,6,18,226,18,223,2.27e-08,63.5,44.86
YP_002302326.1,FAA00742.1,25.668,187,131,3,44,229,4,183,2.86e-08,62.4,41.18
YP_002302326.1,AAQ11988.1,31.111,135,89,3,7,140,4,135,3.00e-08,63.2,48.89
YP_002302326.1,4EDO_A,27.941,136,93,3,6,140,15,146,3.58e-08,63.2,48.53
YP_002302326.1,3PJB_A,27.206,136,93,4,18,151,15,146,3.61e-08,62.8,49.26
YP_002302326.1,3BX9_A,27.206,136,94,3,6,140,15,146,3.62e-08,63.2,49.26
YP_002302326.1,6B0B_D,27.347,245,153,9,1,234,25,255,3.64e-08,63.2,46.94
YP_002302326.1,3RWA_A,27.206,136,94,3,6,140,73,204,3.75e-08,62.8,49.26
YP_002302326.1,3PIB_A,27.206,136,93,4,18,151,22,153,3.85e-08,62.8,49.26
YP_002302326.1,3RWT_A,27.206,136,94,3,6,140,89,220,4.11e-08,62.8,49.26
YP_002302326.1,AAV65487.1,27.861,201,129,6,1,196,2,191,4.12e-08,62.8,47.76
YP_002302326.1,1XAE_A,23.832,214,150,6,18,226,18,223,4.19e-08,62.8,44.39
YP_002302326.1,XP_002603110.1,26.667,180,118,5,16,188,9,181,6.97e-08,62.0,45.00
YP_002302326.1,XP_019640912.1,29.457,129,86,2,16,142,9,134,7.30e-08,62.0,47.29
YP_002302326.1,FAA00738.1,30.952,126,65,4,18,140,7,113,8.28e-08,61.6,47.62
YP_002302326.1,2H5P_A,28.340,247,154,9,1,238,2,234,8.94e-08,62.0,45.34
YP_002302326.1,2H5Q_A,27.711,249,153,10,1,238,2,234,9.58e-08,62.0,46.99
YP_002302326.1,5FHV_A,27.711,249,154,10,1,238,35,268,1.15e-07,62.0,46.99
YP_002302326.1,4OHS_A,28.261,138,95,3,4,140,1,135,1.24e-07,61.2,47.10
YP_002302326.1,3PJ7_A,27.206,136,94,3,6,140,3,134,1.28e-07,61.2,48.53
YP_002302326.1,3PJ5_A,27.206,136,94,3,6,140,4,135,1.30e-07,61.2,48.53
YP_002302326.1,2GW4_B,30.588,85,56,2,69,152,3,85,1.92e-07,59.7,61.18
YP_002302326.1,WP_105812643.1,27.841,176,119,4,1,174,10,179,2.27e-07,60.8,50.00
YP_002302326.1,RMX59761.1,39.326,89,51,2,17,104,17,103,2.46e-07,59.7,50.56
YP_002302326.1,4OHS_B,28.148,135,93,3,7,140,2,133,3.30e-07,60.1,47.41
YP_002302326.1,4OHS_C,28.148,135,93,3,7,140,2,133,3.31e-07,60.1,47.41
YP_002302326.1,4OHS_D,28.148,135,93,3,7,140,2,133,3.42e-07,60.1,47.41
YP_002302326.1,4OHS_H,28.148,135,93,3,7,140,2,133,3.48e-07,60.1,47.41
YP_002302326.1,4OHS_G,28.148,135,93,3,7,140,2,133,3.71e-07,60.1,47.41
YP_002302326.1,6BBO_D,26.606,218,141,7,16,228,13,216,4.20e-07,59.7,47.25
YP_002302326.1,XP_002603104.1,26.415,212,136,7,16,214,9,213,5.14e-07,60.1,43.87
YP_002302326.1,3H1O_A,26.471,136,95,3,6,140,3,134,5.52e-07,59.7,47.79
YP_002302326.1,5H88_A,26.613,248,157,9,1,238,10,242,5.88e-07,59.7,47.18
YP_002302326.1,5LK4_A,30.055,183,116,6,16,196,11,183,7.04e-07,59.3,49.18
YP_002302326.1,ACA48246.1,30.233,129,84,4,16,141,9,134,8.37e-07,58.9,45.74
YP_002302326.1,RMX59762.1,25.556,180,121,5,51,229,19,186,1.05e-06,59.3,43.89
YP_002302326.1,3NEZ_A,26.908,249,156,10,1,238,10,243,1.69e-06,58.5,46.18
YP_002302326.1,AAK71343.1,25.600,125,90,2,14,137,11,133,2.35e-06,57.8,48.00
YP_002302326.1,BBC21423.1,46.154,52,26,1,53,104,17,66,2.53e-06,54.3,61.54
YP_002302326.1,5H89_A,26.210,248,158,9,1,238,10,242,2.78e-06,57.8,47.18
YP_002302326.1,4Q7R_A,27.309,249,153,10,1,238,14,245,2.80e-06,57.8,46.59
YP_002302326.1,AAK71338.1,31.783,129,80,4,14,137,10,135,7.27e-06,56.6,48.06
YP_002302326.1,BBC21447.1,44.231,52,27,1,53,104,17,66,7.29e-06,53.1,61.54
YP_002302326.1,BBC21357.1,44.231,52,27,1,53,104,17,66,7.83e-06,53.1,61.54
YP_002302326.1,AAU04444.1,24.464,233,163,6,1,231,1,222,8.15e-06,56.2,46.35
YP_002302326.1,BBC21398.1,44.231,52,27,1,53,104,17,66,8.76e-06,52.8,61.54
YP_002302326.1,BBC21409.1,44.231,52,27,1,53,104,17,66,9.03e-06,52.8,61.54
YP_002302326.1,BBC21363.1,44.231,52,27,1,53,104,17,66,9.12e-06,52.8,61.54
YP_002302326.1,AAU04443.1,24.464,233,163,6,1,231,1,222,1.03e-05,56.2,46.35
YP_002302326.1,BBC21384.1,44.231,52,27,1,53,104,17,66,1.03e-05,52.8,61.54
YP_002302326.1,BBC21374.1,44.231,52,27,1,53,104,17,66,1.06e-05,52.8,61.54
YP_002302326.1,ABC68474.1,25.229,218,150,6,16,231,16,222,1.25e-05,55.8,47.25
YP_002302326.1,BBC21406.1,46.154,52,26,1,53,104,17,66,1.30e-05,52.4,59.62
YP_002302326.1,BBC21359.1,45.161,62,31,2,44,104,7,66,1.31e-05,52.4,56.45
YP_002302326.1,4Q7T_A,26.104,249,156,10,1,238,14,245,1.41e-05,55.8,46.59
YP_002302326.1,5H87_A,26.908,249,155,10,1,238,10,242,1.50e-05,55.8,45.78
YP_002302326.1,4Q7U_A,27.126,247,156,9,1,238,14,245,1.61e-05,55.5,45.75
YP_002302326.1,AAQ11987.1,24.464,233,163,6,1,231,1,222,1.70e-05,55.5,46.35
YP_002302326.1,Q9U6Y8.1,25.229,218,150,6,16,231,16,222,1.76e-05,55.5,47.25
YP_002302326.1,BBC21438.1,44.231,52,27,1,53,104,17,66,1.85e-05,52.0,59.62
YP_002302326.1,BAE53441.1,23.207,237,161,6,1,231,3,224,2.05e-05,55.1,45.99
YP_002302326.1,WP_060710196.1,25.229,218,150,6,16,231,29,235,2.15e-05,55.1,47.25
YP_002302326.1,4H3M_A,26.866,201,129,7,1,196,10,197,2.81e-05,54.7,46.77
YP_002302326.1,AOI27766.1,26.627,169,120,3,1,166,5,172,3.53e-05,54.7,39.64
YP_002302326.1,BBC21405.1,43.548,62,32,2,44,104,7,66,3.81e-05,51.2,56.45
YP_002302326.1,BBC21461.1,44.000,50,26,1,53,102,17,64,3.84e-05,51.2,62.00
YP_002302326.1,BBC21446.1,44.231,52,27,1,53,104,17,66,4.08e-05,51.2,59.62
YP_002302326.1,BBC21460.1,41.935,62,33,2,44,104,7,66,4.38e-05,50.8,58.06
YP_002302326.1,BBC21419.1,44.231,52,27,1,53,104,17,66,4.85e-05,50.8,59.62
YP_002302326.1,BBC21442.1,44.231,52,27,1,53,104,17,66,4.85e-05,50.8,59.62
YP_002302326.1,BBC21397.1,44.643,56,28,2,50,104,13,66,5.00e-05,50.8,60.71
YP_002302326.1,2QLH_A,26.866,201,129,7,1,196,2,189,5.28e-05,53.9,46.77
YP_002302326.1,BBC21368.1,43.548,62,32,2,44,104,7,66,5.31e-05,50.8,56.45
YP_002302326.1,BBC21433.1,41.509,53,29,1,52,104,16,66,5.53e-05,50.8,60.38
YP_002302326.1,3NF0_A,26.316,209,136,7,1,204,10,205,5.61e-05,53.9,46.41
YP_002302326.1,2QLI_A,26.866,201,129,7,1,196,2,189,5.70e-05,53.9,46.77
YP_002302326.1,BBC21356.1,41.935,62,33,2,44,104,7,66,5.82e-05,50.8,56.45
YP_002302326.1,BBC21372.1,41.935,62,33,2,44,104,7,66,6.44e-05,50.4,56.45
YP_002302326.1,2QLG_A,26.866,201,129,7,1,196,2,189,6.71e-05,53.5,46.77
YP_002302326.1,4H3L_A,26.866,201,129,7,1,196,10,197,7.00e-05,53.5,46.77
YP_002302326.1,4H3N_A,26.866,201,129,7,1,196,10,197,8.24e-05,53.5,46.77
YP_002302326.1,BBC21364.1,42.308,52,28,1,53,104,17,66,1.25e-04,49.7,59.62
YP_002302326.1,OWH41726.1,23.864,176,114,7,69,238,1,162,1.36e-04,51.6,47.16
YP_002302326.1,BBC21421.1,41.935,62,33,2,44,104,7,66,1.60e-04,49.3,54.84
YP_002302326.1,BBC21360.1,42.308,52,28,1,53,104,17,66,2.12e-04,49.3,57.69
YP_002302326.1,BBC21371.1,43.548,62,32,2,44,104,7,66,2.18e-04,49.3,53.23
YP_002302326.1,BBC21375.1,42.308,52,28,1,53,104,17,66,2.25e-04,48.9,57.69
YP_002302326.1,BBC21416.1,42.308,52,28,1,53,104,17,66,2.59e-04,48.9,57.69
YP_002302326.1,4DKN_A,25.000,212,137,8,16,214,13,215,2.68e-04,52.0,42.92
YP_002302326.1,3LF4_B,23.864,176,114,7,69,238,3,164,2.85e-04,50.8,47.16
YP_002302326.1,BBC21455.1,41.935,62,33,2,44,104,7,66,3.53e-04,48.5,56.45
YP_002302326.1,BBC21411.1,41.935,62,33,2,44,104,7,66,3.75e-04,48.5,54.84
YP_002302326.1,AGI04932.1,38.333,60,35,1,53,112,1,58,4.55e-04,47.8,53.33
YP_002302326.1,BBC21366.1,40.385,52,29,1,53,104,17,66,4.92e-04,48.1,57.69
YP_002302326.1,AGI04885.1,38.333,60,35,1,53,112,1,58,4.94e-04,47.8,53.33
YP_002302326.1,BBC21399.1,40.385,52,29,1,53,104,17,66,4.97e-04,48.1,57.69
YP_002302326.1,BBC21355.1,40.385,52,29,1,53,104,17,66,5.56e-04,48.1,57.69
YP_002302326.1,BBC21413.1,40.385,52,29,1,53,104,17,66,5.96e-04,47.8,57.69
YP_002302326.1,XP_001641514.1,38.889,90,46,4,17,104,6,88,6.23e-04,50.1,52.22
YP_002302326.1,AGI04872.1,46.000,50,25,1,53,102,1,48,6.54e-04,47.4,60.00
YP_002302326.1,BBC21444.1,42.308,52,28,1,53,104,17,66,6.66e-04,47.8,55.77
YP_002302326.1,BBC21414.1,42.308,52,28,1,53,104,17,66,0.001,47.4,53.85
YP_002302326.1,BBC21361.1,42.308,52,28,1,53,104,17,66,0.001,47.4,53.85
YP_002302326.1,BBC21390.1,42.308,52,28,1,53,104,17,66,0.001,47.0,53.85
YP_002302326.1,BBC21376.1,42.308,52,28,1,53,104,17,66,0.001,47.0,53.85
YP_002302326.1,2VAE_A,24.464,233,161,7,1,231,1,220,0.001,49.7,45.92
YP_002302326.1,BBC21335.1,33.784,74,46,2,40,112,1,72,0.002,46.6,48.65
YP_002302326.1,AGI04878.1,44.000,50,26,1,53,102,1,48,0.002,45.8,58.00
YP_002302326.1,AGI04854.1,44.000,50,26,1,53,102,1,48,0.002,45.8,58.00
YP_002302326.1,AGI04879.1,44.000,50,26,1,53,102,1,48,0.002,45.8,58.00
YP_002302326.1,BBC21326.1,33.784,74,46,2,40,112,1,72,0.002,46.2,48.65
YP_002302326.1,BBC21333.1,37.500,64,37,2,40,102,1,62,0.003,46.2,51.56
YP_002302326.1,BBC21327.1,33.784,74,46,2,40,112,1,72,0.003,46.2,48.65
YP_002302326.1,AGI04925.1,44.000,50,26,1,53,102,1,48,0.003,45.8,58.00
YP_002302326.1,AGI04880.1,44.000,50,26,1,53,102,1,48,0.003,45.4,58.00
YP_002302326.1,BBC21352.1,33.784,74,46,2,40,112,1,72,0.003,45.8,48.65
YP_002302326.1,AGI04831.1,44.000,50,26,1,53,102,1,48,0.003,45.4,58.00
YP_002302326.1,4ZIN_A,25.688,218,141,8,16,228,11,212,0.003,48.5,45.87
YP_002302326.1,RMX59763.1,33.735,83,42,2,16,98,10,79,0.004,45.8,42.17
YP_002302326.1,BBC21337.1,37.500,64,37,2,40,102,1,62,0.005,45.4,51.56
YP_002302326.1,AGI04892.1,44.000,50,26,1,53,102,1,48,0.005,44.7,56.00
YP_002302326.1,BBC21331.1,35.484,62,38,1,51,112,13,72,0.005,45.1,50.00
YP_002302326.1,BBC21350.1,35.484,62,38,1,51,112,13,72,0.006,45.1,50.00
YP_002302326.1,2H8Q_A,24.771,218,149,7,16,231,10,214,0.010,47.0,46.33
YP_002302326.1,BBC21329.1,32.432,74,47,2,40,112,1,72,0.011,44.3,48.65
YP_002302326.1,AGI04853.1,42.000,50,27,1,53,102,1,48,0.013,43.5,56.00
YP_002302326.1,AGI04830.1,42.000,50,27,1,53,102,1,48,0.014,43.5,58.00
YP_002302326.1,AGI04921.1,42.000,50,27,1,53,102,1,48,0.016,43.5,58.00
YP_002302326.1,RMX56410.1,32.353,68,44,1,73,140,2,67,0.018,44.7,54.41
YP_002302326.1,ABB17965.1,30.645,124,80,4,18,137,13,134,0.019,46.6,49.19
YP_002302326.1,AGI04869.1,42.000,50,27,1,53,102,1,48,0.019,43.1,56.00
YP_002302326.1,AGI04903.1,42.000,50,27,1,53,102,1,48,0.021,43.1,58.00
YP_002302326.1,AGI04893.1,44.000,50,26,1,53,102,1,48,0.029,42.7,60.00
YP_002302326.1,1GGX_A,24.771,218,149,7,16,231,16,220,0.030,45.8,46.33
YP_002302326.1,1ZGP_A,24.771,218,149,7,16,231,16,220,0.042,45.4,46.33
YP_002302326.1,AGI04919.1,42.000,50,27,1,53,102,1,48,0.044,42.4,56.00
YP_002302326.1,AGI04840.1,46.512,43,21,1,60,102,2,42,0.057,41.6,58.14
YP_002302326.1,OZM44449.1,36.697,109,62,3,1,104,5,111,0.057,43.1,52.29
YP_002302326.1,4I2Y_A,25.532,94,66,2,47,140,175,264,0.060,45.8,47.87
YP_002302326.1,AGI04929.1,35.000,60,37,1,53,112,1,58,0.068,41.6,50.00
YP_002302326.1,AGI04894.1,42.000,50,27,1,53,102,1,48,0.098,41.2,60.00
YP_002302326.1,AGI04927.1,35.000,60,37,1,53,112,1,58,0.10,41.2,50.00
YP_002302326.1,2V4E_C,27.225,191,127,6,16,204,11,191,0.13,43.9,46.07
YP_002302326.1,2V4E_A,27.225,191,127,6,16,204,11,191,0.13,43.9,46.07
YP_002302326.1,AGI04858.1,40.000,50,28,1,53,102,1,48,0.14,40.8,54.00
YP_002302326.1,XP_016022663.1,35.238,105,65,2,1,104,1,103,0.15,42.4,52.38
YP_002302326.1,AGI04857.1,40.385,52,29,1,53,104,1,50,0.26,40.0,53.85
YP_002302326.1,BAS22104.1,24.060,133,89,5,74,201,1,126,0.26,42.0,45.86
YP_002302326.1,AGI04849.1,42.308,52,28,1,53,104,1,50,0.27,40.0,51.92
YP_002302326.1,BAS22109.1,24.060,133,89,5,74,201,1,126,0.34,41.6,45.86
YP_002302326.1,AGI04933.1,40.000,50,28,1,53,102,1,48,0.51,39.3,50.00
YP_002302326.1,2V4E_B,26.702,191,128,6,16,204,11,191,0.53,42.0,45.55
YP_002302326.1,BAS22102.1,23.308,133,90,5,74,201,1,126,0.88,40.4,45.86
YP_002302326.1,AGI04930.1,33.333,60,38,1,53,112,1,58,1.2,38.1,48.33
YP_002302326.1,BAS22101.1,23.308,133,90,5,74,201,1,126,1.2,40.0,45.11
YP_002302326.1,BAS22106.1,25.243,103,72,3,74,174,1,100,1.9,39.7,48.54
YP_002302326.1,BAS22108.1,25.243,103,72,3,74,174,1,100,2.0,39.7,48.54
YP_002302326.1,1G7K_A,24.771,218,149,7,16,231,27,231,2.1,40.4,44.04
YP_002302326.1,AGI04890.1,38.000,50,29,1,53,102,1,48,3.1,37.0,50.00
YP_002302326.1,RMX59758.1,40.426,47,26,1,55,101,6,50,3.9,37.0,51.06
YP_002302326.1,BAS22100.1,22.556,133,91,5,74,201,1,126,4.3,38.5,45.11
YP_002302326.1,3CFA_L,34.483,58,37,1,7,63,4,61,7.0,36.2,53.45
YP_002302326.1,AGI04855.1,41.860,43,23,1,60,102,1,41,9.7,35.4,53.49


